label	x	y	z
Nz	0.0000	1.0000	0.0000
Iz	0.0000	-1.0000	0.0000
Cz	0.0000	0.0000	1.0000
T9	-1.0000	0.0000	0.0000
T10	1.0000	0.0000	0.0000
Fpz	0.0000	0.9511	0.3090
AFz	0.0000	0.8090	0.5878
Fz	0.0000	0.5878	0.8090
FCz	0.0000	0.3090	0.9511
CPz	0.0000	-0.3090	0.9511
Pz	0.0000	-0.5878	0.8090
POz	0.0000	-0.8090	0.5878
Oz	0.0000	-0.9511	0.3090
F10	0.8090	0.5878	0.0000
FT10	0.9511	0.3090	0.0000
P10	0.8090	-0.5878	0.0000
PO10	0.5878	-0.8090	0.0000
I2	0.3090	-0.9511	0.0000
F9	-0.8090	0.5878	0.0000
FT9	-0.9511	0.3090	0.0000
P9	-0.8090	-0.5878	0.0000
PO9	-0.5878	-0.8090	0.0000
I1	-0.3090	-0.9511	0.0000
T7	-0.9511	0.0000	0.3090
C5	-0.8090	0.0000	0.5878
C3	-0.5878	0.0000	0.8090
C1	-0.3090	0.0000	0.9511
C2	0.3090	0.0000	0.9511
C4	0.5878	0.0000	0.8090
C6	0.8090	0.0000	0.5878
T8	0.9511	0.0000	0.3090
Fp2	0.2939	0.9045	0.3090
AF8	0.5590	0.7695	0.3090
F8	0.7695	0.5590	0.3090
FT8	0.9045	0.2939	0.3090
TP8	0.9045	-0.2939	0.3090
P8	0.7695	-0.5590	0.3090
PO8	0.5590	-0.7695	0.3090
O2	0.2939	-0.9045	0.3090
Fp1	-0.2939	0.9045	0.3090
AF7	-0.5590	0.7695	0.3090
F7	-0.7695	0.5590	0.3090
FT7	-0.9045	0.2939	0.3090
TP7	-0.9045	-0.2939	0.3090
P7	-0.7695	-0.5590	0.3090
PO7	-0.5590	-0.7695	0.3090
O1	-0.2939	-0.9045	0.3090
F5	-0.6408	0.5708	0.5135
F3	-0.4591	0.5800	0.6730
F1	-0.2394	0.5858	0.7743
F2	0.2394	0.5858	0.7743
F4	0.4591	0.5800	0.6730
F6	0.6408	0.5708	0.5135
FC5	-0.7658	0.3000	0.5688
FC3	-0.5547	0.3048	0.7742
FC1	-0.2911	0.3079	0.9058
FC2	0.2911	0.3079	0.9058
FC4	0.5547	0.3048	0.7742
FC6	0.7658	0.3000	0.5688
CP5	-0.7658	-0.3000	0.5688
CP3	-0.5547	-0.3048	0.7742
CP1	-0.2911	-0.3079	0.9058
CP2	0.2911	-0.3079	0.9058
CP4	0.5547	-0.3048	0.7742
CP6	0.7658	-0.3000	0.5688
P5	-0.6408	-0.5708	0.5135
P3	-0.4591	-0.5800	0.6730
P1	-0.2394	-0.5858	0.7743
P2	0.2394	-0.5858	0.7743
P4	0.4591	-0.5800	0.6730
P6	0.6408	-0.5708	0.5135
